<?xml version="1.0" encoding="UTF-8" ?>
<!DOCTYPE mapper PUBLIC "-//mybatis.org//DTD Mapper 3.0//EN" "http://mybatis.org/dtd/mybatis-3-mapper.dtd">
<mapper namespace="com.tjoeun.vo.FreeboardASNVO">

	<!-- 메인글 1건을 저장한다. -->
	<insert id="insertASN" parameterType="ao">
		insert into freeboardasn (idx, name, password, subject, content, notice, ip) 
		values (freeboard_idx_seq.nextval, #{name}, #{password}, #{subject}, #{content}, #{notice}, #{ip})
	</insert>
	
	<!-- 메인글 전체 개수를 얻어온다. -->
	<select id="selectCountASN" resultType="int">
		select count(*) from freeboardasn
	</select>
	
	<!-- 1페이지 분량의 메인글을 얻어온다. -->
	<select id="selectListASN" parameterType="java.util.HashMap" resultType="ao">
		<![CDATA[
		select * from (
			select rownum rnum, GG.* from (
				select * from freeboard order by idx desc
			) GG where rownum <= #{endNo}
		) where rnum >= #{startNo}
		]]>
	</select>
	
	<!-- 조회수를 증가시킨다. -->
	<update id="incrementASN" parameterType="int">
		update freeboardasn set hit = hit + 1 where idx = #{idx}
	</update>
	
	<!-- 메인글 1건을 얻어온다. -->
	<select id="selectByIdxASN" parameterType="int" resultType="ao">
		select * from freeboardasn where idx = #{idx}
	</select>
	
	<!-- 메인글 1건을 삭제한다. -->
	<delete id="deleteASN" parameterType="int">
		delete from freeboardasn where idx = #{idx}
	</delete>
	
	<!-- 메인글 1건을 수정한다. -->
	<update id="updateASN" parameterType="ao">
		update freeboardasn set subject = #{subject}, content = #{content}, notice = #{notice} where idx = #{idx}
	</update>
	
	<!-- 모든 공지글을 얻어온다. -->
	<select id="selectNoticeASN" resultType="ao">
		select * from freeboardasn where notice = 'on' order by idx desc
	</select>
	
</mapper>














