<?xml version="1.0" encoding="UTF-8" ?>
<!DOCTYPE mapper PUBLIC "-//mybatis.org//DTD Mapper 3.0//EN" "http://mybatis.org/dtd/mybatis-3-mapper.dtd">
<mapper namespace="com.tjoeun.vo.FreeboardCommentASNVO">

	<!-- 댓글 1건을 저장한다. -->
	<insert id="insertCommentASN" parameterType="ac">
		insert into freeboardcommentasn (idx, gup, name, password, content, ip) 
		values (freeboardcomment_idx_seq.nextval, #{gup}, #{name}, #{password}, #{content}, #{ip})
	</insert>
	
	<!-- 댓글의 개수를 얻어온다. -->
	<select id="commentCountASN" parameterType="int" resultType="int">
		select count(*) from freeboardcommentasn where gup = #{idx}
	</select>
	
	<!-- 댓글 목록을 얻어온다. -->
	<select id="selectCommentListASN" parameterType="int" resultType="ac">
		select * from freeboardcommentasn where gup = #{idx} order by idx desc
	</select>
	
	<!-- 댓글 1건을 얻어온다. -->
	<select id="selectCommentByIdxASN" parameterType="int" resultType="ac">
		select * from freeboardcommentasn where idx = #{idx} 
	</select>
	
	<!-- 댓글 1건을 수정한다. -->
	<update id="updateCommentASN" parameterType="ac">
		update freeboardcommentasn set content = #{content} where idx = #{idx}
	</update>
	
	<!-- 댓글 1건을 삭제한다. -->
	<delete id="deleteCommentASN" parameterType="ac">
		delete from freeboardcommentasn where idx = #{idx}
	</delete>
	
</mapper>














